{
    "Experiment Parameters": {
        "FaP": true,
        "PaF": true,
        "PaF_all": false,
        "models": [
            {
                "name": "vgg11"
            }
        ],
        "prune_type": "l1",
        "sparsity": [
            0.5
        ],
        "num_models": 2,
        "num_epochs": 0,
        "diff_weight_init": true,
        "gpu_id": -1,
        "dataset": "cifar",
        "Execution Time": 315.00875186920166,
        "fusion_weights": [
            [
                0.0,
                1.0
            ],
            [
                0.1,
                0.9
            ],
            [
                0.2,
                0.8
            ],
            [
                0.3,
                0.7
            ],
            [
                0.4,
                0.6
            ],
            [
                0.5,
                0.5
            ],
            [
                0.6,
                0.4
            ],
            [
                0.7,
                0.3
            ],
            [
                0.8,
                0.2
            ],
            [
                0.9,
                0.1
            ],
            [
                1.0,
                0.0
            ]
        ]
    },
    "[0.0, 1.0]": {
        "original_model_accuracies": [
            0.8276305379746836,
            0.821993670886076
        ],
        "original_pruned_models_accuracies": [
            0.46558544303797467,
            0.5348101265822784
        ],
        "original_fused_model_accuracy": 0.821993670886076,
        "PaF_model_accuracy": 0.5348101265822784,
        "PaFaP_model_accuracy": 0.1272745253164557,
        "FaP_model_accuracy": [
            0.5348101265822784
        ],
        "sparsity": 0.5,
        "fusion_weights": [
            0.0,
            1.0
        ]
    },
    "[0.1, 0.9]": {
        "original_model_accuracies": [
            0.8276305379746836,
            0.821993670886076
        ],
        "original_pruned_models_accuracies": [
            0.46558544303797467,
            0.5348101265822784
        ],
        "original_fused_model_accuracy": 0.8139833860759493,
        "PaF_model_accuracy": 0.5420292721518988,
        "PaFaP_model_accuracy": 0.13014240506329114,
        "FaP_model_accuracy": [
            0.535996835443038
        ],
        "sparsity": 0.5,
        "fusion_weights": [
            0.1,
            0.9
        ]
    },
    "[0.2, 0.8]": {
        "original_model_accuracies": [
            0.8276305379746836,
            0.821993670886076
        ],
        "original_pruned_models_accuracies": [
            0.46558544303797467,
            0.5348101265822784
        ],
        "original_fused_model_accuracy": 0.7950949367088608,
        "PaF_model_accuracy": 0.5450949367088608,
        "PaFaP_model_accuracy": 0.1294501582278481,
        "FaP_model_accuracy": [
            0.5374802215189873
        ],
        "sparsity": 0.5,
        "fusion_weights": [
            0.2,
            0.8
        ]
    },
    "[0.3, 0.7]": {
        "original_model_accuracies": [
            0.8276305379746836,
            0.821993670886076
        ],
        "original_pruned_models_accuracies": [
            0.46558544303797467,
            0.5348101265822784
        ],
        "original_fused_model_accuracy": 0.7722507911392406,
        "PaF_model_accuracy": 0.5357001582278481,
        "PaFaP_model_accuracy": 0.17751186708860758,
        "FaP_model_accuracy": [
            0.5150316455696202
        ],
        "sparsity": 0.5,
        "fusion_weights": [
            0.3,
            0.7
        ]
    },
    "[0.4, 0.6]": {
        "original_model_accuracies": [
            0.8276305379746836,
            0.821993670886076
        ],
        "original_pruned_models_accuracies": [
            0.46558544303797467,
            0.5348101265822784
        ],
        "original_fused_model_accuracy": 0.7275514240506329,
        "PaF_model_accuracy": 0.5137460443037974,
        "PaFaP_model_accuracy": 0.16940268987341772,
        "FaP_model_accuracy": [
            0.4904074367088608
        ],
        "sparsity": 0.5,
        "fusion_weights": [
            0.4,
            0.6
        ]
    },
    "[0.5, 0.5]": {
        "original_model_accuracies": [
            0.8276305379746836,
            0.821993670886076
        ],
        "original_pruned_models_accuracies": [
            0.46558544303797467,
            0.5348101265822784
        ],
        "original_fused_model_accuracy": 0.706190664556962,
        "PaF_model_accuracy": 0.5043512658227848,
        "PaFaP_model_accuracy": 0.17316060126582278,
        "FaP_model_accuracy": [
            0.5046479430379747
        ],
        "sparsity": 0.5,
        "fusion_weights": [
            0.5,
            0.5
        ]
    },
    "[0.6, 0.4]": {
        "original_model_accuracies": [
            0.8276305379746836,
            0.821993670886076
        ],
        "original_pruned_models_accuracies": [
            0.46558544303797467,
            0.5348101265822784
        ],
        "original_fused_model_accuracy": 0.7334849683544303,
        "PaF_model_accuracy": 0.5150316455696202,
        "PaFaP_model_accuracy": 0.15555775316455697,
        "FaP_model_accuracy": [
            0.49485759493670883
        ],
        "sparsity": 0.5,
        "fusion_weights": [
            0.6,
            0.4
        ]
    },
    "[0.7, 0.3]": {
        "original_model_accuracies": [
            0.8276305379746836,
            0.821993670886076
        ],
        "original_pruned_models_accuracies": [
            0.46558544303797467,
            0.5348101265822784
        ],
        "original_fused_model_accuracy": 0.7775909810126582,
        "PaF_model_accuracy": 0.5199762658227848,
        "PaFaP_model_accuracy": 0.18028085443037975,
        "FaP_model_accuracy": [
            0.5369857594936709
        ],
        "sparsity": 0.5,
        "fusion_weights": [
            0.7,
            0.3
        ]
    },
    "[0.8, 0.2]": {
        "original_model_accuracies": [
            0.8276305379746836,
            0.821993670886076
        ],
        "original_pruned_models_accuracies": [
            0.46558544303797467,
            0.5348101265822784
        ],
        "original_fused_model_accuracy": 0.8082476265822784,
        "PaF_model_accuracy": 0.5119659810126582,
        "PaFaP_model_accuracy": 0.1729628164556962,
        "FaP_model_accuracy": [
            0.5294699367088608
        ],
        "sparsity": 0.5,
        "fusion_weights": [
            0.8,
            0.2
        ]
    },
    "[0.9, 0.1]": {
        "original_model_accuracies": [
            0.8276305379746836,
            0.821993670886076
        ],
        "original_pruned_models_accuracies": [
            0.46558544303797467,
            0.5348101265822784
        ],
        "original_fused_model_accuracy": 0.8207080696202531,
        "PaF_model_accuracy": 0.4924841772151899,
        "PaFaP_model_accuracy": 0.1883900316455696,
        "FaP_model_accuracy": [
            0.5104825949367089
        ],
        "sparsity": 0.5,
        "fusion_weights": [
            0.9,
            0.1
        ]
    },
    "[1.0, 0.0]": {
        "original_model_accuracies": [
            0.8276305379746836,
            0.821993670886076
        ],
        "original_pruned_models_accuracies": [
            0.46558544303797467,
            0.5348101265822784
        ],
        "original_fused_model_accuracy": 0.8276305379746836,
        "PaF_model_accuracy": 0.46558544303797467,
        "PaFaP_model_accuracy": 0.15723892405063292,
        "FaP_model_accuracy": [
            0.46558544303797467
        ],
        "sparsity": 0.5,
        "fusion_weights": [
            1.0,
            0.0
        ]
    }
}