{
    "sparstiy": {
        "paf": null,
        "pruned": null,
        "pruned_fused": null
    },
    "0.1": {
        "pruned": {
            "0": 0.8507713607594937,
            "1": 0.8540348101265823
        },
        "pruned_and_fused": {
            "0": 0.8607594936708861,
            "1": 0.8540348101265823
        },
        "paf": 0.8565071202531646,
        "fap": 0.8690664556962026
    },
    "0.2": {
        "pruned": {
            "0": 0.8445411392405063,
            "1": 0.8450356012658228
        },
        "pruned_and_fused": {
            "0": 0.852254746835443,
            "1": 0.850870253164557
        },
        "paf": 0.8557159810126582,
        "fap": 0.8577927215189873
    },
    "0.3": {
        "pruned": {
            "0": 0.8507713607594937,
            "1": 0.8458267405063291
        },
        "pruned_and_fused": {
            "0": 0.8533425632911392,
            "1": 0.8524525316455697
        },
        "paf": 0.8503757911392406,
        "fap": 0.8584849683544303
    },
    "0.4": {
        "pruned": {
            "0": 0.8425632911392406,
            "1": 0.8432555379746836
        },
        "pruned_and_fused": {
            "0": 0.8472112341772152,
            "1": 0.8487935126582279
        },
        "paf": 0.8426621835443038,
        "fap": 0.8487935126582279
    },
    "0.5": {
        "pruned": {
            "0": 0.8242681962025317,
            "1": 0.821993670886076
        },
        "pruned_and_fused": {
            "0": 0.8344541139240507,
            "1": 0.84375
        },
        "paf": 0.8363330696202531,
        "fap": 0.8343552215189873
    },
    "0.6": {
        "pruned": {
            "0": 0.8114121835443038,
            "1": 0.8122033227848101
        },
        "pruned_and_fused": {
            "0": 0.8217958860759493,
            "1": 0.8199169303797469
        },
        "paf": 0.8180379746835443,
        "fap": 0.8167523734177216
    },
    "0.7": {
        "pruned": {
            "0": 0.771756329113924,
            "1": 0.7671083860759493
        },
        "pruned_and_fused": {
            "0": 0.7882713607594937,
            "1": 0.7964794303797469
        },
        "paf": 0.7774920886075949,
        "fap": 0.7592958860759493
    },
    "0.8": {
        "pruned": {
            "0": 0.7291337025316456,
            "1": 0.7276503164556962
        },
        "pruned_and_fused": {
            "0": 0.7425830696202531,
            "1": 0.7420886075949367
        },
        "paf": 0.7403085443037974,
        "fap": 0.7376384493670886
    },
    "0.9": {
        "pruned": {
            "0": 0.5721914556962026,
            "1": 0.5267009493670886
        },
        "pruned_and_fused": {
            "0": 0.6140229430379747,
            "1": 0.5783227848101266
        },
        "paf": 0.5888053797468354,
        "fap": 0.5495450949367089
    }
}