{
    "sparstiy": {
        "paf": null,
        "pruned": null,
        "pruned_fused": null
    },
    "0.1": {
        "pruned": {
            "0": 0.8556170886075949,
            "1": 0.8531447784810127
        },
        "pruned_and_fused": {
            "0": 0.8616495253164557,
            "1": 0.8560126582278481
        },
        "paf": 0.8587816455696202,
        "fap": 0.867879746835443
    },
    "0.2": {
        "pruned": {
            "0": 0.850870253164557,
            "1": 0.8429588607594937
        },
        "pruned_and_fused": {
            "0": 0.8587816455696202,
            "1": 0.8495846518987342
        },
        "paf": 0.8523536392405063,
        "fap": 0.8559137658227848
    },
    "0.3": {
        "pruned": {
            "0": 0.8446400316455697,
            "1": 0.8419699367088608
        },
        "pruned_and_fused": {
            "0": 0.8516613924050633,
            "1": 0.8487935126582279
        },
        "paf": 0.8529469936708861,
        "fap": 0.8500791139240507
    },
    "0.4": {
        "pruned": {
            "0": 0.8367286392405063,
            "1": 0.8360363924050633
        },
        "pruned_and_fused": {
            "0": 0.845431170886076,
            "1": 0.8457278481012658
        },
        "paf": 0.8439477848101266,
        "fap": 0.8439477848101266
    },
    "0.5": {
        "pruned": {
            "0": 0.8247626582278481,
            "1": 0.8280261075949367
        },
        "pruned_and_fused": {
            "0": 0.8426621835443038,
            "1": 0.8434533227848101
        },
        "paf": 0.8301028481012658,
        "fap": 0.8307950949367089
    },
    "0.6": {
        "pruned": {
            "0": 0.8084454113924051,
            "1": 0.8120055379746836
        },
        "pruned_and_fused": {
            "0": 0.8258504746835443,
            "1": 0.8248615506329114
        },
        "paf": 0.8061708860759493,
        "fap": 0.8114121835443038
    },
    "0.7": {
        "pruned": {
            "0": 0.7647349683544303,
            "1": 0.763251582278481
        },
        "pruned_and_fused": {
            "0": 0.7879746835443038,
            "1": 0.7916337025316456
        },
        "paf": 0.7790743670886076,
        "fap": 0.7692840189873418
    },
    "0.8": {
        "pruned": {
            "0": 0.7253757911392406,
            "1": 0.7304193037974683
        },
        "pruned_and_fused": {
            "0": 0.7426819620253164,
            "1": 0.7536590189873418
        },
        "paf": 0.7247824367088608,
        "fap": 0.7386273734177216
    },
    "0.9": {
        "pruned": {
            "0": 0.5638844936708861,
            "1": 0.3680775316455696
        },
        "pruned_and_fused": {
            "0": 0.6009691455696202,
            "1": 0.5732792721518988
        },
        "paf": 0.5846518987341772,
        "fap": 0.5167128164556962
    }
}