{
    "sparstiy": {
        "paf": null,
        "pruned": null,
        "pruned_fused": null
    },
    "0.1": {
        "pruned": {
            "0": 0.8557159810126582,
            "1": 0.8520569620253164
        },
        "pruned_and_fused": {
            "0": 0.8588805379746836,
            "1": 0.8567049050632911
        },
        "paf": 0.8549248417721519,
        "fap": 0.8551226265822784
    },
    "0.2": {
        "pruned": {
            "0": 0.8519580696202531,
            "1": 0.8511669303797469
        },
        "pruned_and_fused": {
            "0": 0.8560126582278481,
            "1": 0.8580893987341772
        },
        "paf": 0.8547270569620253,
        "fap": 0.8555181962025317
    },
    "0.3": {
        "pruned": {
            "0": 0.8486946202531646,
            "1": 0.8359375
        },
        "pruned_and_fused": {
            "0": 0.8535403481012658,
            "1": 0.8493868670886076
        },
        "paf": 0.8510680379746836,
        "fap": 0.8544303797468354
    },
    "0.4": {
        "pruned": {
            "0": 0.8363330696202531,
            "1": 0.8382120253164557
        },
        "pruned_and_fused": {
            "0": 0.8529469936708861,
            "1": 0.8505735759493671
        },
        "paf": 0.8435522151898734,
        "fap": 0.8380142405063291
    },
    "0.5": {
        "pruned": {
            "0": 0.8292128164556962,
            "1": 0.8353441455696202
        },
        "pruned_and_fused": {
            "0": 0.8397943037974683,
            "1": 0.8373219936708861
        },
        "paf": 0.8367286392405063,
        "fap": 0.835245253164557
    },
    "0.6": {
        "pruned": {
            "0": 0.8113132911392406,
            "1": 0.807060917721519
        },
        "pruned_and_fused": {
            "0": 0.8212025316455697,
            "1": 0.8218947784810127
        },
        "paf": 0.8165545886075949,
        "fap": 0.8173457278481012
    },
    "0.7": {
        "pruned": {
            "0": 0.7629549050632911,
            "1": 0.7732397151898734
        },
        "pruned_and_fused": {
            "0": 0.7872824367088608,
            "1": 0.7929193037974683
        },
        "paf": 0.775118670886076,
        "fap": 0.7653283227848101
    },
    "0.8": {
        "pruned": {
            "0": 0.7302215189873418,
            "1": 0.7292325949367089
        },
        "pruned_and_fused": {
            "0": 0.7450553797468354,
            "1": 0.7474287974683544
        },
        "paf": 0.7340783227848101,
        "fap": 0.7307159810126582
    },
    "0.9": {
        "pruned": {
            "0": 0.5646756329113924,
            "1": 0.5466772151898734
        },
        "pruned_and_fused": {
            "0": 0.6053204113924051,
            "1": 0.5892009493670886
        },
        "paf": 0.576443829113924,
        "fap": 0.09849683544303797
    }
}