{
    "0.9": {
        "accuracy_original": 0.567939082278481,
        "accuracy_fused": 0.4988132911392405
    }
}