{
    "0.1": {
        "accuracy_original": 0.567939082278481,
        "accuracy_fused": 0.5981012658227848
    },
    "0.2": {
        "accuracy_original": 0.702432753164557,
        "accuracy_fused": 0.7287381329113924
    },
    "0.3": {
        "accuracy_original": 0.7570213607594937,
        "accuracy_fused": 0.7757120253164557
    },
    "0.4": {
        "accuracy_original": 0.7931170886075949,
        "accuracy_fused": 0.8117088607594937
    },
    "0.5": {
        "accuracy_original": 0.7944026898734177,
        "accuracy_fused": 0.8318829113924051
    },
    "0.6": {
        "accuracy_original": 0.8316851265822784,
        "accuracy_fused": 0.843057753164557
    },
    "0.7": {
        "accuracy_original": 0.8425632911392406,
        "accuracy_fused": 0.8502768987341772
    },
    "0.8": {
        "accuracy_original": 0.8462223101265823,
        "accuracy_fused": 0.8545292721518988
    },
    "0.9": {
        "accuracy_original": 0.8515625,
        "accuracy_fused": 0.859375
    }
}