{
    "sparstiy": {
        "paf": null,
        "pruned": null,
        "pruned_fused": null
    },
    "0.1": {
        "pruned": {
            "0": 0.8531447784810127,
            "1": 0.8591772151898734
        },
        "pruned_and_fused": {
            "0": 0.8579905063291139,
            "1": 0.8543314873417721
        },
        "paf": 0.860067246835443,
        "fap": 0.8604628164556962
    },
    "0.2": {
        "pruned": {
            "0": 0.8553204113924051,
            "1": 0.8520569620253164
        },
        "pruned_and_fused": {
            "0": 0.8527492088607594,
            "1": 0.8601661392405063
        },
        "paf": 0.8485957278481012,
        "fap": 0.8556170886075949
    },
    "0.3": {
        "pruned": {
            "0": 0.845431170886076,
            "1": 0.8423655063291139
        },
        "pruned_and_fused": {
            "0": 0.8446400316455697,
            "1": 0.8551226265822784
        },
        "paf": 0.8534414556962026,
        "fap": 0.849189082278481
    },
    "0.4": {
        "pruned": {
            "0": 0.8423655063291139,
            "1": 0.836629746835443
        },
        "pruned_and_fused": {
            "0": 0.8485957278481012,
            "1": 0.8442444620253164
        },
        "paf": 0.8463212025316456,
        "fap": 0.8424643987341772
    },
    "0.5": {
        "pruned": {
            "0": 0.8276305379746836,
            "1": 0.8319818037974683
        },
        "pruned_and_fused": {
            "0": 0.8415743670886076,
            "1": 0.8316851265822784
        },
        "paf": 0.832871835443038,
        "fap": 0.8364319620253164
    },
    "0.6": {
        "pruned": {
            "0": 0.8107199367088608,
            "1": 0.8161590189873418
        },
        "pruned_and_fused": {
            "0": 0.821004746835443,
            "1": 0.8246637658227848
        },
        "paf": 0.8107199367088608,
        "fap": 0.8146756329113924
    },
    "0.7": {
        "pruned": {
            "0": 0.7685917721518988,
            "1": 0.7723496835443038
        },
        "pruned_and_fused": {
            "0": 0.7895569620253164,
            "1": 0.8020174050632911
        },
        "paf": 0.7784810126582279,
        "fap": 0.755439082278481
    },
    "0.8": {
        "pruned": {
            "0": 0.7366495253164557,
            "1": 0.7281447784810127
        },
        "pruned_and_fused": {
            "0": 0.7462420886075949,
            "1": 0.7436708860759493
        },
        "paf": 0.7316060126582279,
        "fap": 0.7281447784810127
    },
    "0.9": {
        "pruned": {
            "0": 0.5793117088607594,
            "1": 0.5700158227848101
        },
        "pruned_and_fused": {
            "0": 0.6095727848101266,
            "1": 0.6040348101265823
        },
        "paf": 0.5910799050632911,
        "fap": 0.0982001582278481
    }
}