{
    "sparstiy": {
        "paf": null,
        "pruned": null,
        "pruned_fused": null
    },
    "0.8": {
        "pruned": {
            "0": 0.7357594936708861,
            "1": 0.7417919303797469
        },
        "pruned_and_fused": {
            "0": 0.7441653481012658,
            "1": 0.7456487341772152
        },
        "paf": 0.735067246835443
    },
    "0.9": {
        "pruned": {
            "0": 0.5606210443037974,
            "1": 0.5352056962025317
        },
        "pruned_and_fused": {
            "0": 0.6245055379746836,
            "1": 0.5936511075949367
        },
        "paf": 0.6024525316455697
    }
}