{
    "0": {
        "model_0": {
            "0.5": {
                "default": [
                    [
                        0.5960245253164557,
                        -1
                    ],
                    [
                        0.3127966772151899,
                        -1
                    ],
                    [
                        0.16267800632911392,
                        -1
                    ],
                    [
                        0.12678006329113925,
                        -1
                    ],
                    0.12678006329113925,
                    -1
                ],
                "intra-fusion": [
                    [
                        0.5960245253164557,
                        -1
                    ],
                    [
                        0.3127966772151899,
                        -1
                    ],
                    [
                        0.16267800632911392,
                        -1
                    ],
                    [
                        0.12678006329113925,
                        -1
                    ],
                    0.12678006329113925,
                    -1
                ]
            }
        }
    },
    "1": {
        "model_0": {
            "0.5": {
                "default": [
                    [
                        0.5960245253164557,
                        -1
                    ],
                    [
                        0.3127966772151899,
                        -1
                    ],
                    [
                        0.16267800632911392,
                        -1
                    ],
                    [
                        0.12678006329113925,
                        -1
                    ],
                    0.12678006329113925,
                    -1
                ],
                "intra-fusion": [
                    [
                        0.5960245253164557,
                        -1
                    ],
                    [
                        0.3127966772151899,
                        -1
                    ],
                    [
                        0.16267800632911392,
                        -1
                    ],
                    [
                        0.12678006329113925,
                        -1
                    ],
                    0.12678006329113925,
                    -1
                ]
            }
        }
    }
}