{
    "0.9": {
        "accuracy_original": 0.9895999999999999,
        "accuracy_fused": 0.9879999999999999
    }
}