{
    "0": {
        "model_0": {
            "0.5": {
                "default": [
                    0.2354628164556962,
                    -1
                ],
                "intra-fusion": [
                    0.1415150316455696,
                    -1
                ]
            },
            "0.6": {
                "default": [
                    0.1493275316455696,
                    -1
                ],
                "intra-fusion": [
                    0.12252768987341772,
                    -1
                ]
            },
            "0.7": {
                "default": [
                    0.10986946202531646,
                    -1
                ],
                "intra-fusion": [
                    0.1138251582278481,
                    -1
                ]
            },
            "0.8": {
                "default": [
                    0.10087025316455696,
                    -1
                ],
                "intra-fusion": [
                    0.09988132911392406,
                    -1
                ]
            }
        }
    },
    "1": {
        "model_0": {
            "0.5": {
                "default": [
                    0.2354628164556962,
                    -1
                ],
                "intra-fusion": [
                    0.1415150316455696,
                    -1
                ]
            },
            "0.6": {
                "default": [
                    0.1493275316455696,
                    -1
                ],
                "intra-fusion": [
                    0.12252768987341772,
                    -1
                ]
            },
            "0.7": {
                "default": [
                    0.10986946202531646,
                    -1
                ],
                "intra-fusion": [
                    0.1138251582278481,
                    -1
                ]
            },
            "0.8": {
                "default": [
                    0.10087025316455696,
                    -1
                ],
                "intra-fusion": [
                    0.09988132911392406,
                    -1
                ]
            }
        }
    },
    "2": {
        "model_0": {
            "0.5": {
                "default": [
                    0.2354628164556962,
                    -1
                ],
                "intra-fusion": [
                    0.1415150316455696,
                    -1
                ]
            },
            "0.6": {
                "default": [
                    0.1493275316455696,
                    -1
                ],
                "intra-fusion": [
                    0.12252768987341772,
                    -1
                ]
            },
            "0.7": {
                "default": [
                    0.10986946202531646,
                    -1
                ],
                "intra-fusion": [
                    0.1138251582278481,
                    -1
                ]
            },
            "0.8": {
                "default": [
                    0.10087025316455696,
                    -1
                ],
                "intra-fusion": [
                    0.09988132911392406,
                    -1
                ]
            }
        }
    }
}