{
    "0.1": {
        "accuracy_original": 0.567939082278481,
        "accuracy_fused": 0.6018591772151899
    },
    "0.2": {
        "accuracy_original": 0.702432753164557,
        "accuracy_fused": 0.7357594936708861
    },
    "0.3": {
        "accuracy_original": 0.7570213607594937,
        "accuracy_fused": 0.7755142405063291
    },
    "0.4": {
        "accuracy_original": 0.7931170886075949,
        "accuracy_fused": 0.810818829113924
    },
    "0.5": {
        "accuracy_original": 0.7944026898734177,
        "accuracy_fused": 0.826443829113924
    },
    "0.6": {
        "accuracy_original": 0.8316851265822784,
        "accuracy_fused": 0.8453322784810127
    },
    "0.7": {
        "accuracy_original": 0.8425632911392406,
        "accuracy_fused": 0.849189082278481
    },
    "0.8": {
        "accuracy_original": 0.8462223101265823,
        "accuracy_fused": 0.8606606012658228
    },
    "0.9": {
        "accuracy_original": 0.8515625,
        "accuracy_fused": 0.8635284810126582
    }
}